代码,简称,收盘价,权重,涨跌,涨跌幅,成交量(万),成交额(万),总股本(亿),自由流通股本(亿),总市值(亿),自由流通市值(亿),上市板,市盈率-TTM,证监会行业,Wind一级行业,Wind二级行业,Wind三级行业,Wind四级行业,申银万国一级行业,申银万国二级行业,申银万国三级行业,沪港通
601318.SH,中国平安,86.12,6.6760%,0.66,0.77%,"7,782.52","671,253.16",182.80,98.70,"15,742.94","8,500.00",主板,9.99,金融业,金融,保险Ⅱ,保险Ⅲ,多元化保险,非银金融,保险Ⅱ,保险Ⅲ,沪港通
600519.SH,贵州茅台,"1,130.00",4.0633%,-53.00,-4.48%,"1,480.99","1,669,683.71",12.56,4.50,"14,195.04","5,080.64",主板,34.69,制造业,日常消费,食品、饮料与烟草,饮料,白酒与葡萄酒,食品饮料,饮料制造,白酒,沪港通
600036.SH,招商银行,38.88,2.8698%,1.30,3.46%,"8,262.45","319,118.07",252.20,124.15,"9,805.48","4,826.88",主板,10.84,金融业,金融,银行,商业银行,多元化银行,银行,银行Ⅱ,银行Ⅲ,沪港通
000651.SZ,格力电器,67.90,2.3384%,2.32,3.54%,"4,636.14","311,966.77",60.16,43.38,"4,084.68","2,945.27",主板,15.02,制造业,可选消费,耐用消费品与服装,家庭耐用消费品,家用电器,家用电器,白色家电,空调,深港通
601166.SH,兴业银行,20.21,2.1031%,0.41,2.07%,"11,300.28","229,035.85",207.74,149.67,"4,198.46","3,024.86",主板,6.47,金融业,金融,银行,商业银行,多元化银行,银行,银行Ⅱ,银行Ⅲ,沪港通
000333.SZ,美的集团,59.75,2.0769%,1.50,2.58%,"3,462.26","205,014.13",69.72,45.94,"4,145.99","2,745.18",主板,17.53,制造业,可选消费,耐用消费品与服装,家庭耐用消费品,家用电器,家用电器,白色家电,空调,深港通
600276.SH,恒瑞医药,87.68,1.9426%,0.16,0.18%,"2,108.10","184,343.08",44.23,26.74,"3,877.92","2,344.65",主板,79.33,制造业,医疗保健,制药、生物科技与生命科学,制药,西药,医药生物,化学制药,化学制剂,沪港通
000858.SZ,五粮液,132.08,1.8344%,-0.93,-0.70%,"3,066.74","403,853.69",38.82,16.67,"5,126.83","2,202.28",主板,31.20,制造业,日常消费,食品、饮料与烟草,饮料,白酒与葡萄酒,食品饮料,饮料制造,白酒,深港通
600030.SH,中信证券,25.49,1.4357%,0.19,0.75%,"35,773.66","915,739.93",121.17,78.15,"3,088.60","1,992.03",主板,24.52,金融业,金融,多元金融,资本市场,投资银行业与经纪业,非银金融,证券Ⅱ,证券Ⅲ,沪港通
600887.SH,伊利股份,31.75,1.3853%,0.81,2.62%,"5,460.42","172,408.70",60.96,53.68,"1,935.60","1,704.36",主板,27.56,制造业,日常消费,食品、饮料与烟草,食品,食品加工与肉类,食品饮料,食品加工,乳品,沪港通
000002.SZ,万科A,32.56,1.3595%,0.38,1.18%,"10,121.30","334,237.39",113.02,64.72,"3,679.98","2,107.40",主板,9.68,房地产业,房地产,房地产Ⅱ,房地产管理和开发,房地产开发,房地产,房地产开发Ⅱ,房地产开发Ⅲ,深港通
000001.SZ,平安银行,16.87,1.1714%,0.42,2.55%,"15,302.32","257,119.65",194.06,86.01,"3,273.78","1,451.01",主板,11.70,金融业,金融,银行,商业银行,多元化银行,银行,银行Ⅱ,银行Ⅲ,深港通
600900.SH,长江电力,18.47,1.1631%,0.09,0.49%,"1,912.85","35,377.03",220.00,83.78,"4,063.40","1,547.37",主板,18.04,电力、热力、燃气及水生产和供应业,公用事业,公用事业Ⅱ,电力Ⅲ,电力,公用事业,电力,水电,沪港通
600016.SH,民生银行,6.36,1.1298%,0.05,0.79%,"10,436.65","66,528.95",437.82,341.82,"2,784.56","2,173.98",主板,5.24,金融业,金融,银行,商业银行,多元化银行,银行,银行Ⅱ,银行Ⅲ,沪港通
601328.SH,交通银行,5.68,1.1168%,0.05,0.89%,"12,045.75","68,502.06",742.63,215.18,"4,218.12","1,222.25",主板,5.52,金融业,金融,银行,商业银行,多元化银行,银行,银行Ⅱ,银行Ⅲ,沪港通
600000.SH,浦发银行,12.47,1.0477%,0.10,0.81%,"5,162.91","64,744.62",293.52,153.45,"3,660.20","1,913.49",主板,5.99,金融业,金融,银行,商业银行,多元化银行,银行,银行Ⅱ,银行Ⅲ,沪港通
601288.SH,农业银行,3.73,1.0226%,0.04,1.08%,"20,551.25","76,690.59","3,499.83",504.12,"13,054.37","1,880.38",主板,6.16,金融业,金融,银行,商业银行,多元化银行,银行,银行Ⅱ,银行Ⅲ,沪港通
601398.SH,工商银行,5.97,0.9215%,0.09,1.53%,"23,494.94","140,444.28","3,564.06",338.96,"21,277.45","2,023.57",主板,6.87,金融业,金融,银行,商业银行,多元化银行,银行,银行Ⅱ,银行Ⅲ,沪港通
300498.SZ,温氏股份,34.31,0.9130%,0.71,2.11%,"2,719.58","93,163.05",53.12,38.21,"1,822.59","1,310.92",创业板,25.52,农、林、牧、渔业,日常消费,食品、饮料与烟草,食品,食品加工与肉类,农林牧渔,畜禽养殖Ⅱ,畜禽养殖Ⅲ,深港通
002415.SZ,海康威视,33.91,0.9071%,1.17,3.57%,"7,498.42","253,029.49",93.45,32.62,"3,168.89","1,106.15",中小企业板,26.44,制造业,信息技术,技术硬件与设备,电子设备、仪器和元件,电子设备和仪器,电子,电子制造Ⅱ,电子系统组装,深港通
600837.SH,海通证券,15.63,0.9051%,0.17,1.10%,"14,343.43","226,488.39",115.02,76.76,"1,797.72","1,199.71",主板,19.95,金融业,金融,多元金融,资本市场,投资银行业与经纪业,非银金融,证券Ⅱ,证券Ⅲ,沪港通
601668.SH,中国建筑,5.91,0.8876%,0.29,5.16%,"54,504.04","318,503.96",419.76,175.10,"2,480.76","1,034.86",主板,6.06,建筑业,工业,资本货物,建筑与工程Ⅲ,建筑与工程,建筑装饰,房屋建设Ⅱ,房屋建设Ⅲ,沪港通
601601.SH,中国太保,38.88,0.8746%,1.04,2.75%,"3,257.83","126,799.54",90.62,27.01,"3,523.31","1,050.22",主板,12.49,金融业,金融,保险Ⅱ,保险Ⅲ,多元化保险,非银金融,保险Ⅱ,保险Ⅲ,沪港通
002475.SZ,立讯精密,37.60,0.8636%,1.10,3.01%,"7,593.07","284,089.61",53.65,29.51,"2,011.22","1,109.57",中小企业板,50.88,制造业,信息技术,技术硬件与设备,电子设备、仪器和元件,电子元件,电子,电子制造Ⅱ,电子零部件制造,深港通
600048.SH,保利地产,16.26,0.8330%,0.08,0.49%,"10,029.15","164,685.03",119.33,70.86,"1,940.25","1,152.22",主板,8.76,房地产业,房地产,房地产Ⅱ,房地产管理和开发,房地产开发,房地产,房地产开发Ⅱ,房地产开发Ⅲ,沪港通
600585.SH,海螺水泥,55.80,0.7986%,1.00,1.82%,"4,112.36","230,672.70",52.99,20.71,"2,957.01","1,155.52",主板,8.98,制造业,材料,材料Ⅱ,建材Ⅲ,建材,建筑材料,水泥制造Ⅱ,水泥制造Ⅲ,沪港通
000725.SZ,京东方A,4.61,0.7820%,0.07,1.54%,"81,031.96","374,071.89",347.98,241.71,"1,604.21","1,114.26",主板,84.06,制造业,信息技术,技术硬件与设备,电子设备、仪器和元件,电子元件,电子,光学光电子,显示器件Ⅲ,深港通
600031.SH,三一重工,17.95,0.7574%,0.90,5.28%,"12,526.22","222,035.80",84.26,56.08,"1,511.89","1,006.57",主板,14.55,制造业,工业,资本货物,机械,建筑机械与重型卡车,机械设备,专用设备,工程机械,沪港通
601688.SH,华泰证券,20.35,0.6429%,0.04,0.20%,"15,914.26","327,891.82",90.77,51.83,"1,847.10","1,054.76",主板,26.41,金融业,金融,多元金融,资本市场,投资银行业与经纪业,非银金融,证券Ⅱ,证券Ⅲ,沪港通
601888.SH,中国中免,90.05,0.6291%,1.10,1.24%,734.91,"66,158.85",19.52,9.12,"1,758.20",821.11,主板,38.35,租赁和商务服务业,可选消费,消费者服务Ⅱ,酒店、餐馆与休闲Ⅲ,酒店、度假村与豪华游轮,休闲服务,旅游综合Ⅱ,旅游综合Ⅲ,沪港通
600309.SH,万华化学,55.89,0.6279%,-0.28,-0.50%,"2,133.80","120,371.57",31.40,14.24,"1,754.80",795.74,主板,18.49,制造业,材料,材料Ⅱ,化工,基础化工,化工,化学制品,聚氨酯,沪港通
603288.SH,海天味业,108.00,0.6261%,0.49,0.46%,407.25,"44,240.80",27.00,6.81,"2,916.40",735.97,主板,57.54,制造业,日常消费,食品、饮料与烟草,食品,食品加工与肉类,食品饮料,食品加工,调味发酵品,沪港通
300059.SZ,东方财富,15.90,0.6113%,0.13,0.82%,"30,160.44","483,805.35",67.16,47.19,"1,067.78",750.38,创业板,68.78,金融业,金融,多元金融,资本市场,投资银行业与经纪业,传媒,互联网传媒,互联网信息服务,深港通
601169.SH,北京银行,5.73,0.6069%,0.05,0.88%,"11,433.87","65,679.50",211.43,132.19,"1,211.49",757.48,主板,5.65,金融业,金融,银行,商业银行,区域性银行,银行,银行Ⅱ,银行Ⅲ,沪港通
600104.SH,上汽集团,24.17,0.6062%,0.32,1.34%,"3,737.37","90,813.88",116.83,33.12,"2,823.89",800.51,主板,9.69,制造业,可选消费,汽车与汽车零部件,汽车,汽车制造,汽车,汽车整车,乘用车,沪港通
000063.SZ,中兴通讯,35.45,0.6036%,0.06,0.17%,"10,142.55","359,298.91",42.28,23.23,"1,498.62",823.39,主板,34.03,制造业,信息技术,技术硬件与设备,通信设备Ⅲ,通信设备,通信,通信设备,通信传输设备,深港通
601211.SH,国泰君安,18.67,0.6025%,0.18,0.97%,"5,799.14","108,898.38",89.08,43.24,"1,663.11",807.20,主板,21.48,金融业,金融,多元金融,资本市场,投资银行业与经纪业,非银金融,证券Ⅱ,证券Ⅲ,沪港通
002142.SZ,宁波银行,29.10,0.5860%,0.95,3.37%,"2,986.93","86,435.08",56.28,24.97,"1,637.84",726.57,中小企业板,12.62,金融业,金融,银行,商业银行,区域性银行,银行,银行Ⅱ,银行Ⅲ,深港通
002714.SZ,牧原股份,91.82,0.5682%,3.03,3.41%,"2,128.01","195,282.46",21.62,7.03,"1,985.05",645.81,中小企业板,127.50,农、林、牧、渔业,日常消费,食品、饮料与烟草,食品,食品加工与肉类,农林牧渔,畜禽养殖Ⅱ,畜禽养殖Ⅲ,深港通
601988.SH,中国银行,3.72,0.5611%,0.03,0.81%,"13,899.10","51,767.76","2,943.88",204.94,"10,951.23",762.38,主板,5.88,金融业,金融,银行,商业银行,多元化银行,银行,银行Ⅱ,银行Ⅲ,沪港通
000338.SZ,潍柴动力,16.16,0.5542%,0.28,1.76%,"8,364.96","136,198.61",79.34,41.70,"1,282.11",673.89,主板,13.20,制造业,工业,资本货物,机械,建筑机械与重型卡车,汽车,汽车零部件Ⅱ,汽车零部件Ⅲ,深港通
600009.SH,上海机场,77.36,0.5334%,-1.39,-1.77%,"1,582.66","122,813.05",19.27,9.01,"1,490.70",696.84,主板,29.31,交通运输、仓储和邮政业,工业,运输,交通基础设施,机场服务,交通运输,机场Ⅱ,机场Ⅲ,沪港通
600690.SH,海尔智家,19.88,0.5244%,0.38,1.95%,"6,326.01","125,118.82",65.80,37.32,"1,308.02",741.92,主板,14.40,制造业,可选消费,耐用消费品与服装,家庭耐用消费品,家用电器,家用电器,白色家电,冰箱,沪港通
601818.SH,光大银行,4.45,0.5071%,0.04,0.91%,"13,761.59","61,624.09",524.89,156.18,"2,335.77",695.02,主板,6.26,金融业,金融,银行,商业银行,多元化银行,银行,银行Ⅱ,银行Ⅲ,沪港通
601766.SH,中国中车,7.24,0.5042%,0.10,1.40%,"10,685.79","77,413.08",286.99,91.93,"2,077.80",665.59,主板,17.05,制造业,工业,资本货物,机械,建筑机械与重型卡车,机械设备,运输设备Ⅱ,铁路设备,沪港通
601012.SH,隆基股份,26.53,0.5013%,1.70,6.85%,"7,743.68","203,058.92",37.72,24.84,"1,000.72",659.13,主板,23.00,制造业,信息技术,半导体与半导体生产设备,半导体产品与半导体设备,半导体产品,电气设备,电源设备,光伏设备,沪港通
600028.SH,中国石化,5.17,0.4950%,0.06,1.17%,"12,504.36","64,581.02","1,210.71",128.49,"6,259.38",664.27,主板,13.49,采矿业,能源,能源Ⅱ,石油、天然气与供消费用燃料,综合性石油天然气,化工,石油化工,石油加工,沪港通
601229.SH,上海银行,9.54,0.4849%,0.05,0.53%,"3,506.78","33,586.35",142.07,87.93,"1,355.30",838.83,主板,6.74,金融业,金融,银行,商业银行,区域性银行,银行,银行Ⅱ,银行Ⅲ,沪港通
603259.SH,药明康德,91.62,0.4811%,-0.50,-0.54%,"1,161.30","105,857.69",16.51,6.30,"1,500.90",576.95,主板,71.56,科学研究和技术服务业,医疗保健,制药、生物科技与生命科学,生命科学工具和服务Ⅲ,生命科学工具和服务,医药生物,医疗服务Ⅱ,医疗服务Ⅲ,沪港通
600919.SH,江苏银行,7.27,0.4805%,0.03,0.41%,"5,558.16","40,572.74",115.44,87.12,839.28,633.33,主板,5.71,金融业,金融,银行,商业银行,区域性银行,银行,银行Ⅱ,银行Ⅲ,沪港通
002027.SZ,分众传媒,6.53,0.4801%,0.27,4.31%,"23,006.59","150,259.49",146.78,102.30,958.47,668.05,中小企业板,40.38,租赁和商务服务业,可选消费,媒体Ⅱ,媒体Ⅲ,广告,传媒,营销传播,营销服务,深港通
002304.SZ,洋河股份,110.55,0.4769%,0.05,0.05%,559.09,"61,635.37",15.07,5.15,"1,665.98",569.02,中小企业板,20.26,制造业,日常消费,食品、饮料与烟草,饮料,白酒与葡萄酒,食品饮料,饮料制造,白酒,深港通
601899.SH,紫金矿业,4.75,0.4673%,0.16,3.49%,"35,085.68","166,722.66",253.77,134.28,"1,205.42",637.81,主板,32.17,采矿业,材料,材料Ⅱ,金属、非金属与采矿,黄金,有色金属,黄金Ⅱ,黄金Ⅲ,沪港通
001979.SZ,招商蛇口,20.33,0.4605%,0.46,2.32%,"1,615.54","32,858.80",79.16,28.99,"1,609.37",589.38,主板,13.35,房地产业,房地产,房地产Ⅱ,房地产管理和开发,房地产开发,房地产,房地产开发Ⅱ,房地产开发Ⅲ,深港通
000568.SZ,泸州老窖,85.45,0.4478%,-1.23,-1.42%,"1,673.41","142,948.91",14.65,7.13,"1,251.63",609.30,主板,27.63,制造业,日常消费,食品、饮料与烟草,饮料,白酒与葡萄酒,食品饮料,饮料制造,白酒,深港通
000661.SZ,长春高新,442.40,0.4432%,-4.60,-1.03%,215.95,"95,947.90",2.02,1.32,895.24,583.73,主板,63.56,制造业,医疗保健,制药、生物科技与生命科学,生物科技Ⅲ,生物科技,医药生物,生物制品Ⅱ,生物制品Ⅲ,深港通
000100.SZ,TCL科技,4.57,0.4424%,0.10,2.24%,"36,497.41","166,180.69",135.28,111.70,618.25,510.48,主板,17.39,制造业,信息技术,技术硬件与设备,电子设备、仪器和元件,电子元件,电子,光学光电子,显示器件Ⅲ,深港通
601088.SH,中国神华,18.59,0.4388%,0.34,1.86%,"6,529.58","121,236.13",198.90,26.78,"3,697.48",497.90,主板,8.09,采矿业,能源,能源Ⅱ,石油、天然气与供消费用燃料,煤炭与消费用燃料,采掘,煤炭开采Ⅱ,煤炭开采Ⅲ,沪港通
601628.SH,中国人寿,34.95,0.4166%,0.08,0.23%,"1,862.25","65,383.62",282.65,15.00,"9,878.51",524.25,主板,20.07,金融业,金融,保险Ⅱ,保险Ⅲ,人寿与健康保险,非银金融,保险Ⅱ,保险Ⅲ,沪港通
601857.SH,中国石油,5.87,0.4081%,0.04,0.69%,"7,280.85","42,701.40","1,830.21",150.40,"10,743.33",882.83,主板,25.73,采矿业,能源,能源Ⅱ,石油、天然气与供消费用燃料,综合性石油天然气,采掘,石油开采Ⅱ,石油开采Ⅲ,沪港通
600050.SH,中国联通,6.04,0.4024%,0.15,2.55%,"20,228.19","121,937.61",310.34,78.97,"1,874.44",476.99,主板,38.05,信息传输、软件和信息技术服务业,电信服务,电信服务Ⅱ,多元电信服务,综合电信服务,通信,通信运营Ⅱ,通信运营Ⅲ,沪港通
002230.SZ,科大讯飞,35.04,0.3859%,0.56,1.62%,"4,884.38","171,327.42",21.99,14.98,770.38,524.86,中小企业板,110.60,信息传输、软件和信息技术服务业,信息技术,软件与服务,软件,应用软件,计算机,计算机应用,软件开发,深港通
600999.SH,招商证券,18.43,0.3771%,0.14,0.77%,"2,925.40","54,404.74",66.99,23.30,"1,234.70",429.43,主板,19.99,金融业,金融,多元金融,资本市场,投资银行业与经纪业,非银金融,证券Ⅱ,证券Ⅲ,沪港通
601009.SH,南京银行,8.86,0.3765%,0.09,1.03%,"7,098.65","63,287.85",84.82,51.78,751.52,458.76,主板,6.07,金融业,金融,银行,商业银行,区域性银行,银行,银行Ⅱ,银行Ⅲ,沪港通
600019.SH,宝钢股份,5.80,0.3698%,0.06,1.05%,"16,087.46","93,711.90",222.74,78.19,"1,291.92",453.49,主板,8.79,制造业,材料,材料Ⅱ,金属、非金属与采矿,钢铁,钢铁,钢铁Ⅱ,普钢,沪港通
600570.SH,恒生电子,79.44,0.3653%,1.71,2.20%,"1,756.83","139,106.89",8.03,6.37,638.02,505.82,主板,58.62,信息传输、软件和信息技术服务业,信息技术,软件与服务,软件,应用软件,计算机,计算机应用,软件开发,沪港通
600406.SH,国电南瑞,21.90,0.3622%,0.72,3.40%,"1,998.50","43,801.56",46.22,19.39,"1,012.24",424.57,主板,25.35,信息传输、软件和信息技术服务业,工业,资本货物,电气设备,电气部件与设备,电气设备,电气自动化设备,电网自动化,沪港通
601390.SH,中国中铁,6.06,0.3532%,0.12,2.02%,"9,209.14","55,985.02",245.71,70.38,"1,489.00",426.51,主板,7.58,建筑业,工业,资本货物,建筑与工程Ⅲ,建筑与工程,建筑装饰,基础建设,铁路建设,沪港通
601939.SH,建设银行,7.31,0.3513%,0.08,1.11%,"11,930.38","87,483.82","2,500.11",89.01,"18,275.80",650.67,主板,6.87,金融业,金融,银行,商业银行,多元化银行,银行,银行Ⅱ,银行Ⅲ,沪港通
300015.SZ,爱尔眼科,39.50,0.3503%,-0.06,-0.15%,"2,104.47","82,760.11",30.98,12.06,"1,223.64",476.43,创业板,90.98,卫生和社会工作,医疗保健,医疗保健设备与服务,医疗保健提供商与服务,保健护理设施,医药生物,医疗服务Ⅱ,医疗服务Ⅲ,深港通
601989.SH,中国重工,5.31,0.3478%,0.07,1.34%,"6,810.69","36,139.25",228.02,84.83,"1,210.79",450.46,主板,252.44,制造业,工业,资本货物,航空航天与国防Ⅲ,航天航空与国防,国防军工,船舶制造Ⅱ,船舶制造Ⅲ,沪港通
601006.SH,大秦铁路,8.17,0.3477%,-0.04,-0.49%,"2,874.37","23,596.33",148.67,56.15,"1,214.62",458.74,主板,8.38,交通运输、仓储和邮政业,工业,运输,公路与铁路运输,铁路运输,交通运输,铁路运输Ⅱ,铁路运输Ⅲ,沪港通
601186.SH,中国铁建,10.41,0.3428%,0.27,2.66%,"11,733.59","121,713.20",135.80,45.61,"1,413.63",474.75,主板,7.08,建筑业,工业,资本货物,建筑与工程Ⅲ,建筑与工程,建筑装饰,基础建设,铁路建设,沪港通
600015.SH,华夏银行,7.70,0.3391%,0.03,0.39%,"3,471.05","26,818.69",153.87,53.21,"1,184.82",409.71,主板,5.49,金融业,金融,银行,商业银行,多元化银行,银行,银行Ⅱ,银行Ⅲ,沪港通
002241.SZ,歌尔股份,20.52,0.3336%,0.60,3.01%,"6,186.31","126,600.36",32.45,20.50,665.90,420.58,中小企业板,66.82,制造业,信息技术,技术硬件与设备,电子设备、仪器和元件,电子元件,电子,电子制造Ⅱ,电子系统组装,深港通
000166.SZ,申万宏源,5.15,0.3322%,0.03,0.59%,"12,249.03","63,534.81",250.40,97.21,"1,289.56",500.64,主板,23.01,金融业,金融,多元金融,资本市场,投资银行业与经纪业,非银金融,证券Ⅱ,证券Ⅲ,深港通
600703.SH,三安光电,18.95,0.3318%,0.59,3.21%,"11,737.68","222,607.70",40.78,21.60,772.86,409.33,主板,55.64,制造业,信息技术,半导体与半导体生产设备,半导体产品与半导体设备,半导体产品,电子,光学光电子,LED,沪港通
000776.SZ,广发证券,15.46,0.3274%,0.29,1.91%,"8,704.16","134,694.69",76.21,27.30,"1,178.22",422.08,主板,20.31,金融业,金融,多元金融,资本市场,投资银行业与经纪业,非银金融,证券Ⅱ,证券Ⅲ,深港通
000538.SZ,云南白药,89.31,0.3266%,-0.12,-0.13%,538.68,"48,041.53",12.77,4.60,"1,140.85",410.96,主板,27.72,制造业,医疗保健,制药、生物科技与生命科学,制药,中药,医药生物,中药Ⅱ,中药Ⅲ,深港通
000876.SZ,新希望,20.85,0.3145%,0.90,4.51%,"7,063.87","146,152.20",42.16,19.18,879.04,399.96,主板,26.43,制造业,日常消费,食品、饮料与烟草,食品,农产品,农林牧渔,饲料Ⅱ,饲料Ⅲ,深港通
002594.SZ,比亚迪,48.17,0.3125%,0.50,1.05%,"1,593.46","76,551.65",27.28,7.91,"1,314.15",380.90,中小企业板,46.48,制造业,可选消费,汽车与汽车零部件,汽车,汽车制造,汽车,汽车整车,乘用车,深港通
601336.SH,新华保险,50.85,0.3035%,1.70,3.46%,"3,213.92","163,543.88",31.20,7.02,"1,586.29",357.22,主板,12.00,金融业,金融,保险Ⅱ,保险Ⅲ,人寿与健康保险,非银金融,保险Ⅱ,保险Ⅲ,沪港通
603986.SH,兆易创新,219.53,0.3026%,14.64,7.15%,995.47,"216,756.73",3.21,1.98,704.86,434.09,主板,144.63,制造业,信息技术,半导体与半导体生产设备,半导体产品与半导体设备,半导体产品,电子,半导体,集成电路,沪港通
600741.SH,华域汽车,26.36,0.2974%,0.37,1.42%,"1,414.20","37,391.73",31.53,13.14,831.06,346.39,主板,12.61,制造业,可选消费,汽车与汽车零部件,汽车零配件,机动车零配件与设备,汽车,汽车零部件Ⅱ,汽车零部件Ⅲ,沪港通
002044.SZ,美年健康,14.95,0.2936%,0.06,0.40%,"2,762.80","41,339.40",39.20,23.62,586.03,353.16,中小企业板,73.43,卫生和社会工作,医疗保健,医疗保健设备与服务,医疗保健提供商与服务,保健护理服务,医药生物,医疗服务Ⅱ,医疗服务Ⅲ,深港通
600958.SH,东方证券,10.88,0.2787%,0.12,1.12%,"6,297.19","68,766.71",69.94,41.40,760.91,450.41,主板,36.78,金融业,金融,多元金融,资本市场,投资银行业与经纪业,非银金融,证券Ⅱ,证券Ⅲ,沪港通
002236.SZ,大华股份,21.38,0.2761%,1.50,7.55%,"10,797.75","229,766.73",30.08,15.02,643.11,321.10,中小企业板,22.62,制造业,信息技术,技术硬件与设备,电子设备、仪器和元件,电子设备和仪器,电子,电子制造Ⅱ,电子系统组装,深港通
600352.SH,浙江龙盛,14.78,0.2753%,0.31,2.14%,"8,770.25","129,062.59",32.53,24.10,480.84,356.19,主板,9.99,制造业,材料,材料Ⅱ,化工,特种化工,化工,化学制品,纺织化学用品,沪港通
002024.SZ,苏宁易购,10.26,0.2734%,0.15,1.48%,"8,844.00","90,646.28",93.10,32.55,955.21,334.00,中小企业板,5.00,批发和零售业,可选消费,零售业,专营零售,电脑与电子产品零售,商业贸易,专业零售,专业连锁,深港通
600588.SH,用友网络,30.26,0.2711%,1.86,6.55%,"4,112.97","122,181.42",25.04,12.18,757.68,368.51,主板,83.42,信息传输、软件和信息技术服务业,信息技术,软件与服务,软件,应用软件,计算机,计算机应用,软件开发,沪港通
300142.SZ,沃森生物,30.61,0.2694%,-1.83,-5.64%,"8,178.40","259,702.42",15.37,12.60,470.61,385.59,创业板,43.76,制造业,医疗保健,制药、生物科技与生命科学,生物科技Ⅲ,生物科技,医药生物,生物制品Ⅱ,生物制品Ⅲ,深港通
300136.SZ,信维通信,46.61,0.2585%,1.23,2.71%,"3,879.68","180,496.16",9.69,7.62,451.48,355.05,创业板,47.35,制造业,信息技术,技术硬件与设备,通信设备Ⅲ,通信设备,电子,电子制造Ⅱ,电子零部件制造,深港通
601225.SH,陕西煤业,9.02,0.2582%,0.03,0.33%,"2,500.99","22,663.23",100.00,36.86,902.00,332.49,主板,8.04,采矿业,能源,能源Ⅱ,石油、天然气与供消费用燃料,煤炭与消费用燃料,采掘,煤炭开采Ⅱ,煤炭开采Ⅲ,沪港通
002008.SZ,大族激光,41.78,0.2552%,1.78,4.45%,"1,562.52","64,237.18",10.67,8.07,445.82,337.27,中小企业板,67.33,制造业,信息技术,技术硬件与设备,电子设备、仪器和元件,电子设备和仪器,电子,其他电子Ⅱ,其他电子Ⅲ,深港通
000157.SZ,中联重科,6.87,0.2549%,0.19,2.84%,"7,202.92","49,295.16",78.75,45.70,540.57,313.93,主板,12.88,制造业,工业,资本货物,机械,建筑机械与重型卡车,机械设备,专用设备,工程机械,深港通
300003.SZ,乐普医疗,33.19,0.2539%,0.11,0.33%,"2,265.04","74,838.38",17.82,10.62,591.33,352.53,创业板,35.04,制造业,医疗保健,医疗保健设备与服务,医疗保健设备与用品,医疗保健用品,医药生物,医疗器械Ⅱ,医疗器械Ⅲ,深港通
601901.SH,方正证券,8.54,0.2515%,-0.13,-1.50%,"17,719.67","155,248.31",82.32,40.21,703.02,343.38,主板,54.85,金融业,金融,多元金融,资本市场,投资银行业与经纪业,非银金融,证券Ⅱ,证券Ⅲ,沪港通
601155.SH,新城控股,38.88,0.2512%,0.16,0.41%,"1,290.57","50,510.88",22.57,7.31,877.41,284.04,主板,7.90,房地产业,房地产,房地产Ⅱ,房地产管理和开发,房地产开发,房地产,房地产开发Ⅱ,房地产开发Ⅲ,沪港通
600340.SH,华夏幸福,28.80,0.2484%,0.10,0.35%,"2,091.86","60,900.32",30.13,20.47,867.83,589.63,主板,6.37,房地产业,房地产,房地产Ⅱ,房地产管理和开发,房地产开发,房地产,房地产开发Ⅱ,房地产开发Ⅲ,沪港通
600660.SH,福耀玻璃,24.56,0.2464%,0.57,2.38%,"2,016.68","49,299.14",25.09,12.88,616.12,316.36,主板,19.22,制造业,可选消费,汽车与汽车零部件,汽车零配件,机动车零配件与设备,汽车,汽车零部件Ⅱ,汽车零部件Ⅲ,沪港通
002202.SZ,金风科技,12.43,0.2456%,0.48,4.02%,"5,912.64","73,254.47",42.25,23.61,525.18,293.48,中小企业板,21.99,制造业,工业,资本货物,电气设备,重型电气设备,电气设备,电源设备,风电设备,深港通
600547.SH,山东黄金,32.90,0.2449%,0.28,0.86%,"4,891.06","159,573.26",31.00,11.44,"1,019.77",376.22,主板,96.88,采矿业,材料,材料Ⅱ,金属、非金属与采矿,黄金,有色金属,黄金Ⅱ,黄金Ⅲ,沪港通
600346.SH,恒力石化,16.07,0.2428%,-0.01,-0.06%,"2,030.57","32,618.81",70.39,17.18,"1,131.18",276.01,主板,17.44,制造业,材料,材料Ⅱ,化工,化纤,化工,化学纤维,涤纶,沪港通
601669.SH,中国电建,4.36,0.2387%,0.02,0.46%,"12,003.19","52,566.07",152.99,63.73,667.04,277.87,主板,8.94,建筑业,工业,资本货物,建筑与工程Ⅲ,建筑与工程,建筑装饰,基础建设,水利工程,沪港通
601377.SH,兴业证券,7.09,0.2378%,0.01,0.14%,"10,051.22","71,887.32",66.97,46.84,474.79,332.10,主板,40.87,金融业,金融,多元金融,资本市场,投资银行业与经纪业,非银金融,证券Ⅱ,证券Ⅲ,沪港通
002352.SZ,顺丰控股,37.48,0.2368%,0.29,0.78%,"1,245.77","46,723.85",44.15,10.90,"1,654.59",408.57,中小企业板,28.33,交通运输、仓储和邮政业,工业,运输,航空货运与物流Ⅲ,航空货运与物流,交通运输,物流Ⅱ,物流Ⅲ,深港通
600436.SH,片仔癀,109.22,0.2358%,-0.65,-0.59%,462.40,"50,613.44",6.03,2.51,658.94,273.97,主板,49.47,制造业,医疗保健,制药、生物科技与生命科学,制药,中药,医药生物,中药Ⅱ,中药Ⅲ,沪港通
300347.SZ,泰格医药,62.70,0.2354%,-0.45,-0.71%,852.86,"53,316.05",7.50,4.76,469.97,298.61,创业板,68.87,卫生和社会工作,医疗保健,制药、生物科技与生命科学,生命科学工具和服务Ⅲ,生命科学工具和服务,医药生物,医疗服务Ⅱ,医疗服务Ⅲ,深港通
601138.SH,工业富联,18.38,0.2350%,0.11,0.60%,"5,825.18","107,053.61",198.55,18.39,"3,649.32",337.97,主板,21.06,制造业,信息技术,技术硬件与设备,电子设备、仪器和元件,电子制造服务,电子,电子制造Ⅱ,电子系统组装,沪港通
600383.SH,金地集团,14.54,0.2349%,0.04,0.28%,"4,707.29","69,471.55",45.15,41.63,656.42,605.27,主板,7.93,房地产业,房地产,房地产Ⅱ,房地产管理和开发,房地产开发,房地产,房地产开发Ⅱ,房地产开发Ⅲ,沪港通
000069.SZ,华侨城A,7.78,0.2284%,-0.01,-0.13%,"7,797.59","61,035.62",82.03,41.50,638.15,322.86,主板,5.55,房地产业,可选消费,消费者服务Ⅱ,酒店、餐馆与休闲Ⅲ,酒店、度假村与豪华游轮,房地产,房地产开发Ⅱ,房地产开发Ⅲ,深港通
300124.SZ,汇川技术,30.63,0.2279%,-0.01,-0.03%,"1,289.33","39,612.11",17.33,10.22,530.77,312.93,创业板,52.10,制造业,工业,资本货物,电气设备,电气部件与设备,电气设备,电气自动化设备,工控自动化,深港通
002736.SZ,国信证券,12.92,0.2274%,0.37,2.95%,"4,774.71","61,630.74",82.00,20.14,"1,059.44",260.15,中小企业板,20.27,金融业,金融,多元金融,资本市场,投资银行业与经纪业,非银金融,证券Ⅱ,证券Ⅲ,深港通
601985.SH,中国核电,5.09,0.2268%,0.09,1.80%,"3,074.11","15,600.85",155.65,47.47,792.28,241.63,主板,17.15,电力、热力、燃气及水生产和供应业,公用事业,公用事业Ⅱ,独立电力生产商与能源贸易商Ⅲ,新能源发电业者,公用事业,电力,新能源发电,沪港通
600029.SH,南方航空,7.28,0.2240%,0.10,1.39%,"6,760.56","49,285.60",122.67,40.72,893.05,296.46,主板,30.94,交通运输、仓储和邮政业,工业,运输,航空Ⅲ,航空,交通运输,航空运输Ⅱ,航空运输Ⅲ,沪港通
002456.SZ,欧菲光,16.43,0.2233%,0.83,5.32%,"18,041.19","293,068.91",27.13,18.27,445.72,300.20,中小企业板,-25.99,制造业,信息技术,技术硬件与设备,电子设备、仪器和元件,电子元件,电子,光学光电子,光学元件,深港通
600886.SH,国投电力,9.14,0.2219%,-0.04,-0.44%,"2,506.93","22,983.80",67.86,27.29,620.24,249.42,主板,12.16,电力、热力、燃气及水生产和供应业,公用事业,公用事业Ⅱ,电力Ⅲ,电力,公用事业,电力,水电,沪港通
603993.SH,洛阳钼业,4.37,0.2210%,0.01,0.23%,"24,496.31","107,179.68",215.99,70.03,943.89,306.02,主板,54.16,采矿业,材料,材料Ⅱ,金属、非金属与采矿,金属非金属,有色金属,稀有金属,其他稀有小金属,沪港通
002555.SZ,三七互娱,29.10,0.2199%,2.17,8.06%,"3,147.06","89,473.86",21.12,10.92,614.67,317.85,中小企业板,45.67,信息传输、软件和信息技术服务业,信息技术,软件与服务,软件,家庭娱乐软件,传媒,互联网传媒,互联网信息服务,深港通
600010.SH,包钢股份,1.33,0.2169%,0.01,0.76%,"20,421.78","27,233.40",455.85,207.24,606.28,275.63,主板,27.45,制造业,材料,材料Ⅱ,金属、非金属与采矿,钢铁,钢铁,钢铁Ⅱ,普钢,沪港通
000895.SZ,双汇发展,30.27,0.2157%,1.24,4.27%,"2,883.44","86,339.69",33.19,8.82,"1,004.75",266.99,主板,19.30,制造业,日常消费,食品、饮料与烟草,食品,食品加工与肉类,食品饮料,食品加工,肉制品,深港通
002001.SZ,新和成,23.21,0.2141%,-0.05,-0.21%,"3,419.91","79,624.61",21.49,10.78,498.70,250.26,中小企业板,22.19,制造业,医疗保健,制药、生物科技与生命科学,制药,西药,医药生物,化学制药,化学原料药,深港通
002007.SZ,华兰生物,35.22,0.2122%,0.07,0.20%,"1,951.08","67,927.52",14.03,7.45,494.16,262.51,中小企业板,36.77,制造业,医疗保健,制药、生物科技与生命科学,生物科技Ⅲ,生物科技,医药生物,生物制品Ⅱ,生物制品Ⅲ,深港通
601933.SH,永辉超市,7.73,0.2118%,0.19,2.52%,"11,248.36","86,381.00",95.70,37.29,739.80,288.22,主板,36.97,批发和零售业,日常消费,食品与主要用品零售Ⅱ,食品与主要用品零售Ⅲ,大卖场与超市,商业贸易,一般零售,超市,沪港通
603160.SH,汇顶科技,216.50,0.2118%,10.20,4.94%,514.58,"111,760.32",4.56,1.61,986.66,347.83,主板,46.19,制造业,信息技术,半导体与半导体生产设备,半导体产品与半导体设备,半导体产品,电子,半导体,集成电路,沪港通
601111.SH,中国国航,9.80,0.2096%,0.11,1.14%,"5,282.92","52,011.05",145.25,24.54,"1,423.43",240.45,主板,19.88,交通运输、仓储和邮政业,工业,运输,航空Ⅲ,航空,交通运输,航空运输Ⅱ,航空运输Ⅲ,沪港通
002602.SZ,世纪华通,12.18,0.2077%,0.75,6.56%,"7,342.09","88,069.98",59.56,17.12,725.49,208.58,中小企业板,34.68,制造业,信息技术,软件与服务,软件,家庭娱乐软件,传媒,互联网传媒,互联网信息服务,深港通
601877.SH,正泰电器,26.95,0.2074%,0.15,0.56%,931.71,"25,199.98",21.51,9.59,579.76,258.56,主板,15.82,制造业,工业,资本货物,电气设备,电气部件与设备,电气设备,高低压设备,低压设备,沪港通
002311.SZ,海大集团,36.06,0.2040%,0.06,0.17%,705.32,"25,553.24",15.80,6.43,569.88,231.83,中小企业板,36.10,制造业,日常消费,食品、饮料与烟草,食品,农产品,农林牧渔,饲料Ⅱ,饲料Ⅲ,深港通
601108.SH,财通证券,11.24,0.2021%,-0.10,-0.88%,"15,064.91","172,709.75",35.89,24.07,403.40,270.51,主板,35.35,金融业,金融,多元金融,资本市场,投资银行业与经纪业,非银金融,证券Ⅱ,证券Ⅲ,沪港通
300144.SZ,宋城演艺,32.21,0.2009%,1.30,4.21%,639.19,"20,424.51",14.53,6.86,467.88,221.00,创业板,33.19,文化、体育和娱乐业,可选消费,消费者服务Ⅱ,酒店、餐馆与休闲Ⅲ,休闲设施,休闲服务,景点,人工景点,深港通
600795.SH,国电电力,2.36,0.1991%,0.02,0.85%,"7,390.81","17,404.92",196.50,106.12,463.75,250.44,主板,25.47,电力、热力、燃气及水生产和供应业,公用事业,公用事业Ⅱ,电力Ⅲ,电力,公用事业,电力,火电,沪港通
000783.SZ,长江证券,7.18,0.1989%,0.04,0.56%,"10,305.55","74,289.53",55.30,39.62,397.02,284.46,主板,34.56,金融业,金融,多元金融,资本市场,投资银行业与经纪业,非银金融,证券Ⅱ,证券Ⅲ,深港通
600438.SH,通威股份,14.15,0.1966%,1.02,7.77%,"7,630.94","105,951.64",38.83,18.84,549.39,266.61,主板,21.11,制造业,信息技术,半导体与半导体生产设备,半导体产品与半导体设备,半导体产品,电气设备,电源设备,光伏设备,沪港通
002466.SZ,天齐锂业,30.69,0.1956%,0.51,1.69%,"5,638.20","170,414.65",14.77,8.65,453.32,265.58,中小企业板,69.69,制造业,材料,材料Ⅱ,金属、非金属与采矿,金属非金属,有色金属,稀有金属,锂,深港通
000425.SZ,徐工机械,5.80,0.1951%,0.33,6.03%,"17,968.11","103,907.32",78.34,40.13,454.35,232.74,主板,12.77,制造业,工业,资本货物,机械,建筑机械与重型卡车,机械设备,专用设备,工程机械,深港通
600196.SH,复星医药,27.04,0.1946%,0.44,1.65%,"2,379.73","63,843.14",25.63,10.73,693.01,290.10,主板,25.88,制造业,医疗保健,制药、生物科技与生命科学,制药,西药,医药生物,生物制品Ⅱ,生物制品Ⅲ,沪港通
600018.SH,上港集团,5.85,0.1940%,0.08,1.39%,"3,777.93","22,125.61",231.74,33.64,"1,355.66",196.78,主板,11.36,交通运输、仓储和邮政业,工业,运输,交通基础设施,海港与服务,交通运输,港口Ⅱ,港口Ⅲ,沪港通
002460.SZ,赣锋锂业,35.46,0.1940%,0.63,1.81%,"4,415.33","155,400.13",12.93,7.08,458.36,251.02,中小企业板,102.79,制造业,材料,材料Ⅱ,金属、非金属与采矿,金属非金属,有色金属,稀有金属,锂,深港通
600705.SH,中航资本,4.93,0.1900%,0.08,1.65%,"7,288.35","36,016.03",89.76,47.80,442.53,235.64,主板,14.42,金融业,金融,多元金融,资本市场,多元资本市场,非银金融,多元金融Ⅱ,多元金融Ⅲ,沪港通
000938.SZ,紫光股份,32.48,0.1899%,0.88,2.78%,"1,946.33","62,651.94",20.43,7.86,663.54,255.14,主板,37.21,制造业,信息技术,技术硬件与设备,电脑与外围设备,电脑硬件,计算机,计算机应用,IT服务,深港通
600115.SH,东方航空,5.86,0.1879%,0.05,0.86%,"4,194.04","24,525.54",163.80,42.78,959.84,250.71,主板,37.12,交通运输、仓储和邮政业,工业,运输,航空Ⅲ,航空,交通运输,航空运输Ⅱ,航空运输Ⅲ,沪港通
603799.SH,华友钴业,40.13,0.1859%,0.74,1.88%,"6,014.62","239,120.15",10.79,6.24,432.87,250.47,主板,-148.76,制造业,材料,材料Ⅱ,金属、非金属与采矿,金属非金属,有色金属,稀有金属,其他稀有小金属,沪港通
601788.SH,光大证券,13.27,0.1855%,0.17,1.30%,"4,213.04","56,380.55",46.11,17.27,611.85,229.23,主板,51.26,金融业,金融,多元金融,资本市场,投资银行业与经纪业,非银金融,证券Ⅱ,证券Ⅲ,沪港通
600271.SH,航天信息,23.19,0.1855%,0.02,0.09%,"2,534.26","59,489.79",18.63,9.82,431.92,227.62,主板,22.63,制造业,信息技术,技术硬件与设备,电子设备、仪器和元件,电子设备和仪器,计算机,计算机应用,IT服务,沪港通
600183.SH,生益科技,22.74,0.1852%,1.82,8.70%,"9,749.88","215,226.58",22.76,10.99,517.61,249.98,主板,41.99,制造业,信息技术,技术硬件与设备,电子设备、仪器和元件,电子元件,电子,元件Ⅱ,印制电路板,沪港通
600061.SH,国投资本,15.24,0.1844%,0.10,0.66%,"16,249.70","249,417.06",42.27,15.53,644.21,236.70,主板,21.21,金融业,金融,多元金融,资本市场,投资银行业与经纪业,非银金融,证券Ⅱ,证券Ⅲ,沪港通
603501.SH,韦尔股份,149.11,0.1843%,5.71,3.98%,518.61,"76,644.36",8.64,1.41,"1,287.81",209.55,主板,"4,598.71",制造业,信息技术,半导体与半导体生产设备,半导体产品与半导体设备,半导体产品,电子,半导体,集成电路,沪港通
600606.SH,绿地控股,7.02,0.1834%,0.07,1.01%,"3,993.89","28,233.92",121.68,29.81,854.20,209.24,主板,5.98,房地产业,房地产,房地产Ⅱ,房地产管理和开发,房地产开发,房地产,房地产开发Ⅱ,房地产开发Ⅲ,沪港通
600177.SH,雅戈尔,7.18,0.1803%,0.21,3.01%,"4,064.61","29,111.04",50.14,30.68,360.01,220.27,主板,8.16,制造业,可选消费,耐用消费品与服装,纺织品、服装与奢侈品,服装、服饰与奢侈品,房地产,房地产开发Ⅱ,房地产开发Ⅲ,沪港通
002624.SZ,完美世界,48.55,0.1796%,4.41,9.99%,"1,978.66","93,027.44",12.93,5.49,627.60,266.43,中小企业板,33.67,信息传输、软件和信息技术服务业,信息技术,软件与服务,软件,家庭娱乐软件,传媒,互联网传媒,移动互联网服务,深港通
600089.SH,特变电工,6.72,0.1786%,0.07,1.05%,"2,670.34","17,908.40",37.14,30.13,249.60,202.48,主板,14.05,制造业,工业,资本货物,电气设备,电气部件与设备,电气设备,高低压设备,高压设备,沪港通
600011.SH,华能国际,5.64,0.1775%,0.06,1.08%,"4,708.03","26,613.19",156.98,43.76,885.37,246.80,主板,18.30,电力、热力、燃气及水生产和供应业,公用事业,公用事业Ⅱ,电力Ⅲ,电力,公用事业,电力,火电,沪港通
601997.SH,贵阳银行,9.60,0.1769%,0.04,0.42%,"1,975.47","19,075.39",32.18,21.88,308.93,210.06,主板,5.41,金融业,金融,银行,商业银行,区域性银行,银行,银行Ⅱ,银行Ⅲ,沪港通
002050.SZ,三花智控,17.61,0.1743%,0.28,1.62%,"2,298.81","40,311.72",27.66,12.38,487.03,217.99,中小企业板,36.75,制造业,工业,资本货物,机械,工业机械,家用电器,白色家电,家电零部件,深港通
300122.SZ,智飞生物,50.60,0.1738%,0.94,1.89%,"1,256.58","62,531.47",16.00,4.90,809.60,247.93,创业板,38.05,制造业,医疗保健,制药、生物科技与生命科学,生物科技Ⅲ,生物科技,医药生物,生物制品Ⅱ,生物制品Ⅲ,深港通
300408.SZ,三环集团,23.20,0.1736%,0.92,4.13%,"1,231.38","28,278.37",17.43,9.92,404.41,230.26,创业板,38.36,制造业,信息技术,技术硬件与设备,电子设备、仪器和元件,电子元件,电子,元件Ⅱ,被动元件,深港通
300033.SZ,同花顺,112.33,0.1729%,3.22,2.95%,"1,863.31","211,380.61",5.38,1.92,603.89,215.15,创业板,78.05,信息传输、软件和信息技术服务业,信息技术,软件与服务,互联网软件与服务Ⅲ,互联网软件与服务,计算机,计算机应用,软件开发,深港通
600111.SH,北方稀土,11.07,0.1727%,0.23,2.12%,"5,756.13","63,231.32",36.33,19.26,402.18,213.23,主板,60.43,制造业,材料,材料Ⅱ,金属、非金属与采矿,金属非金属,有色金属,稀有金属,稀土,沪港通
601555.SH,东吴证券,9.97,0.1712%,-0.02,-0.20%,"6,836.31","69,123.46",30.00,21.77,299.10,217.02,主板,27.38,金融业,金融,多元金融,资本市场,投资银行业与经纪业,非银金融,证券Ⅱ,证券Ⅲ,沪港通
002271.SZ,东方雨虹,26.58,0.1698%,0.27,1.03%,"1,658.76","44,114.65",14.88,8.89,395.44,236.19,中小企业板,20.18,制造业,材料,材料Ⅱ,建材Ⅲ,建材,建筑材料,其他建材Ⅱ,其他建材Ⅲ,深港通
601600.SH,中国铝业,3.60,0.1685%,0.06,1.69%,"13,236.39","48,112.22",170.23,56.71,612.82,204.16,主板,336.25,制造业,材料,材料Ⅱ,金属、非金属与采矿,铝,有色金属,工业金属,铝,沪港通
002410.SZ,广联达,34.62,0.1676%,0.64,1.88%,589.19,"20,302.68",11.29,7.85,390.36,271.88,中小企业板,127.91,信息传输、软件和信息技术服务业,信息技术,软件与服务,软件,应用软件,计算机,计算机应用,软件开发,深港通
002493.SZ,荣盛石化,12.34,0.1667%,-0.05,-0.40%,686.85,"8,490.68",62.91,15.45,776.32,190.60,中小企业板,46.08,制造业,材料,材料Ⅱ,化工,化纤,化工,化学纤维,涤纶,深港通
600809.SH,山西汾酒,88.80,0.1661%,-0.90,-1.00%,648.65,"57,307.69",8.72,2.54,773.92,225.63,主板,40.76,制造业,日常消费,食品、饮料与烟草,饮料,白酒与葡萄酒,食品饮料,饮料制造,白酒,沪港通
600176.SH,中国巨石,10.96,0.1648%,0.06,0.55%,"4,253.44","47,151.97",35.02,20.12,383.85,220.46,主板,19.09,制造业,材料,材料Ⅱ,建材Ⅲ,建材,化工,化学制品,玻纤,沪港通
000768.SZ,中航西飞,16.54,0.1639%,0.16,0.98%,"2,546.95","42,282.59",27.69,12.48,457.93,206.45,主板,68.49,制造业,工业,资本货物,航空航天与国防Ⅲ,航天航空与国防,国防军工,航空装备Ⅱ,航空装备Ⅲ,深港通
600109.SH,国金证券,9.40,0.1628%,0.10,1.08%,"6,019.14","56,947.08",30.24,21.95,284.29,206.30,主板,24.14,金融业,金融,多元金融,资本市场,投资银行业与经纪业,非银金融,证券Ⅱ,证券Ⅲ,沪港通
603019.SH,中科曙光,35.54,0.1603%,0.96,2.78%,"2,498.84","88,351.35",9.00,6.69,319.97,237.66,主板,63.19,制造业,信息技术,技术硬件与设备,电脑与外围设备,电脑硬件,计算机,计算机设备Ⅱ,计算机设备Ⅲ,沪港通
601800.SH,中国交建,9.37,0.1575%,0.21,2.29%,"14,169.53","133,742.12",161.75,44.05,"1,515.57",412.73,主板,7.52,建筑业,工业,资本货物,建筑与工程Ⅲ,建筑与工程,建筑装饰,基础建设,路桥施工,沪港通
002120.SZ,韵达股份,32.93,0.1574%,-0.37,-1.11%,"1,299.53","42,791.53",22.26,8.74,733.12,287.81,中小企业板,27.43,交通运输、仓储和邮政业,工业,运输,航空货运与物流Ⅲ,航空货运与物流,交通运输,物流Ⅱ,物流Ⅲ,深港通
600487.SH,亨通光电,16.48,0.1572%,0.22,1.35%,"3,866.80","63,544.24",19.04,13.21,313.73,217.72,主板,19.46,制造业,信息技术,技术硬件与设备,通信设备Ⅲ,通信设备,通信,通信设备,通信传输设备,沪港通
000786.SZ,北新建材,25.98,0.1571%,0.53,2.08%,"1,315.63","34,143.01",16.90,8.35,438.93,216.94,主板,106.51,制造业,材料,材料Ⅱ,建材Ⅲ,建材,建筑材料,其他建材Ⅱ,其他建材Ⅲ,深港通
000963.SZ,华东医药,24.74,0.1549%,0.36,1.48%,"1,978.74","48,570.49",17.50,7.31,432.90,180.81,主板,16.21,批发和零售业,医疗保健,医疗保健设备与服务,医疗保健提供商与服务,保健护理产品经销商,医药生物,化学制药,化学制剂,深港通
601607.SH,上海医药,18.50,0.1528%,0.13,0.71%,"1,825.07","33,554.79",28.42,9.26,525.79,171.40,主板,13.45,批发和零售业,医疗保健,医疗保健设备与服务,医疗保健提供商与服务,保健护理产品经销商,医药生物,医药商业Ⅱ,医药商业Ⅲ,沪港通
002179.SZ,中航光电,39.45,0.1511%,0.39,1.00%,"1,003.09","39,563.99",10.70,5.18,422.18,204.22,中小企业板,38.81,制造业,信息技术,技术硬件与设备,电子设备、仪器和元件,电子元件,国防军工,航空装备Ⅱ,航空装备Ⅲ,深港通
000625.SZ,长安汽车,10.80,0.1507%,0.77,7.68%,"6,635.09","69,526.66",48.03,19.37,518.69,209.23,主板,-16.50,制造业,可选消费,汽车与汽车零部件,汽车,汽车制造,汽车,汽车整车,乘用车,深港通
600100.SH,同方股份,8.88,0.1507%,0.11,1.25%,"4,366.91","38,863.54",29.64,21.31,263.19,189.23,主板,-10.11,制造业,信息技术,技术硬件与设备,电脑与外围设备,电脑硬件,计算机,计算机设备Ⅱ,计算机设备Ⅲ,
002422.SZ,科伦药业,24.14,0.1492%,0.65,2.77%,"1,471.15","35,116.67",14.40,9.01,347.56,217.40,中小企业板,31.49,制造业,医疗保健,制药、生物科技与生命科学,制药,西药,医药生物,化学制药,化学制剂,深港通
601919.SH,中远海控,5.36,0.1485%,0.09,1.71%,"5,401.99","28,988.67",122.60,30.78,657.11,164.99,主板,26.46,交通运输、仓储和邮政业,工业,运输,海运Ⅲ,海运,交通运输,航运Ⅱ,航运Ⅲ,沪港通
600522.SH,中天科技,8.44,0.1481%,0.14,1.69%,"5,563.10","46,815.35",30.66,22.98,258.78,193.96,主板,13.50,制造业,信息技术,技术硬件与设备,通信设备Ⅲ,通信设备,通信,通信设备,通信传输设备,沪港通
600637.SH,东方明珠,10.01,0.1475%,0.65,6.94%,"4,657.22","45,748.49",34.15,18.65,341.79,186.65,主板,18.83,信息传输、软件和信息技术服务业,可选消费,媒体Ⅱ,媒体Ⅲ,媒体Ⅲ,传媒,文化传媒,有线电视网络,沪港通
300413.SZ,芒果超媒,38.46,0.1470%,3.50,10.01%,"2,269.07","85,911.97",17.80,5.40,684.73,207.72,创业板,66.64,文化、体育和娱乐业,可选消费,媒体Ⅱ,媒体Ⅲ,电影与娱乐,传媒,互联网传媒,互联网信息服务,深港通
601618.SH,中国中冶,2.85,0.1456%,0.05,1.79%,"10,413.48","29,779.80",207.24,64.34,590.62,183.37,主板,8.89,建筑业,工业,资本货物,建筑与工程Ⅲ,建筑与工程,建筑装饰,专业工程,其他专业工程,沪港通
600893.SH,航发动力,22.37,0.1441%,0.69,3.18%,"1,596.96","35,607.43",22.50,8.57,503.29,191.68,主板,60.88,制造业,工业,资本货物,航空航天与国防Ⅲ,航天航空与国防,国防军工,航空装备Ⅱ,航空装备Ⅲ,沪港通
600221.SH,海航控股,1.74,0.1433%,0.01,0.58%,"7,947.26","13,869.18",168.06,107.47,292.43,187.00,主板,-7.89,交通运输、仓储和邮政业,工业,运输,航空Ⅲ,航空,交通运输,航空运输Ⅱ,航空运输Ⅲ,沪港通
600516.SH,方大炭素,12.22,0.1428%,0.06,0.49%,"7,110.75","87,163.34",27.19,16.26,332.21,198.71,主板,11.07,制造业,材料,材料Ⅱ,金属、非金属与采矿,金属非金属,有色金属,金属非金属新材料,非金属新材料,沪港通
600332.SH,白云山,35.25,0.1419%,-0.36,-1.01%,"1,899.26","66,508.02",16.26,5.92,573.09,208.78,主板,18.13,制造业,医疗保健,制药、生物科技与生命科学,制药,中药,医药生物,中药Ⅱ,中药Ⅲ,沪港通
000961.SZ,中南建设,10.55,0.1400%,0.00,0.00%,"4,617.13","49,131.46",37.57,17.26,393.27,182.06,主板,12.33,房地产业,房地产,房地产Ⅱ,房地产管理和开发,房地产开发,房地产,房地产开发Ⅱ,房地产开发Ⅲ,深港通
600498.SH,烽火通信,27.64,0.1390%,0.19,0.69%,"1,390.43","38,358.37",11.71,6.20,323.66,171.27,主板,38.89,制造业,信息技术,技术硬件与设备,通信设备Ⅲ,通信设备,通信,通信设备,通信传输设备,沪港通
600926.SH,杭州银行,9.34,0.1372%,0.18,1.97%,"2,969.75","27,763.24",51.30,22.31,479.16,208.38,主板,7.60,金融业,金融,银行,商业银行,区域性银行,银行,银行Ⅱ,银行Ⅲ,沪港通
600066.SH,宇通客车,14.42,0.1371%,0.17,1.19%,"2,273.63","32,847.72",22.14,13.03,319.25,187.92,主板,13.15,制造业,可选消费,汽车与汽车零部件,汽车,汽车制造,汽车,汽车整车,商用载客车,沪港通
300017.SZ,网宿科技,9.84,0.1370%,0.31,3.25%,"8,068.58","79,067.29",24.34,17.72,239.62,174.39,创业板,24.84,信息传输、软件和信息技术服务业,信息技术,软件与服务,互联网软件与服务Ⅲ,互联网软件与服务,通信,通信设备,通信配套服务,深港通
601998.SH,中信银行,6.21,0.1362%,0.04,0.65%,"3,493.85","21,766.63",489.35,29.66,"3,038.85",184.20,主板,6.27,金融业,金融,银行,商业银行,多元化银行,银行,银行Ⅱ,银行Ⅲ,沪港通
600068.SH,葛洲坝,6.86,0.1356%,0.18,2.69%,"10,690.04","73,485.78",46.05,26.55,315.89,182.16,主板,6.23,建筑业,工业,资本货物,建筑与工程Ⅲ,建筑与工程,建筑装饰,基础建设,水利工程,沪港通
000728.SZ,国元证券,9.27,0.1340%,0.00,0.00%,"3,505.97","32,793.44",33.65,18.42,311.98,170.73,主板,29.94,金融业,金融,多元金融,资本市场,投资银行业与经纪业,非银金融,证券Ⅱ,证券Ⅲ,深港通
601727.SH,上海电气,5.03,0.1315%,0.05,1.00%,"2,363.35","11,873.66",151.52,33.14,762.17,166.68,主板,24.91,制造业,工业,资本货物,电气设备,重型电气设备,电气设备,电源设备,综合电力设备商,沪港通
600867.SH,通化东宝,12.89,0.1313%,0.24,1.90%,"5,954.68","76,164.73",20.34,12.50,262.18,161.10,主板,31.24,制造业,医疗保健,制药、生物科技与生命科学,生物科技Ⅲ,生物科技,医药生物,生物制品Ⅱ,生物制品Ⅲ,沪港通
600004.SH,白云机场,17.52,0.1297%,0.07,0.40%,"1,779.24","31,139.40",20.69,10.13,362.54,177.47,主板,46.28,交通运输、仓储和邮政业,工业,运输,交通基础设施,机场服务,交通运输,机场Ⅱ,机场Ⅲ,沪港通
601198.SH,东兴证券,13.08,0.1291%,-0.06,-0.46%,"4,920.13","65,256.76",27.58,13.03,360.74,170.48,主板,26.98,金融业,金融,多元金融,资本市场,投资银行业与经纪业,非银金融,证券Ⅱ,证券Ⅲ,沪港通
603899.SH,晨光文具,48.41,0.1275%,-0.33,-0.68%,406.82,"19,723.09",9.20,2.78,445.37,134.34,主板,45.26,制造业,工业,商业和专业服务,商业服务与用品,办公服务与用品,轻工制造,家用轻工,文娱用品,沪港通
600362.SH,江西铜业,17.13,0.1272%,0.20,1.18%,"3,514.72","60,644.26",34.63,6.24,593.17,106.96,主板,24.04,制造业,材料,材料Ⅱ,金属、非金属与采矿,金属非金属,有色金属,工业金属,铜,沪港通
600674.SH,川投能源,9.89,0.1246%,0.04,0.41%,863.77,"8,543.81",44.02,13.77,435.37,136.16,主板,12.70,电力、热力、燃气及水生产和供应业,公用事业,公用事业Ⅱ,电力Ⅲ,电力,公用事业,电力,水电,沪港通
002673.SZ,西部证券,9.80,0.1228%,0.00,0.00%,"5,352.30","52,959.58",35.02,16.69,343.18,163.58,中小企业板,90.58,金融业,金融,多元金融,资本市场,投资银行业与经纪业,非银金融,证券Ⅱ,证券Ⅲ,深港通
002146.SZ,荣盛发展,9.83,0.1223%,0.00,0.00%,"4,683.81","46,551.58",43.48,17.07,427.42,167.76,中小企业板,4.91,房地产业,房地产,房地产Ⅱ,房地产管理和开发,房地产开发,房地产,房地产开发Ⅱ,房地产开发Ⅲ,深港通
600583.SH,海油工程,7.68,0.1215%,0.30,4.07%,"3,564.23","27,225.91",44.21,19.89,339.56,152.74,主板,-81.68,采矿业,能源,能源Ⅱ,能源设备与服务,石油天然气设备与服务,采掘,采掘服务Ⅱ,油气钻采服务,沪港通
600208.SH,新湖中宝,3.89,0.1197%,0.11,2.91%,"18,019.06","70,069.13",85.99,36.89,334.51,143.50,主板,10.48,房地产业,房地产,房地产Ⅱ,房地产管理和开发,房地产开发,房地产,房地产开发Ⅱ,房地产开发Ⅲ,沪港通
000656.SZ,金科股份,7.80,0.1192%,0.12,1.56%,"9,096.32","72,340.08",53.40,20.79,416.50,162.18,主板,7.34,房地产业,房地产,房地产Ⅱ,房地产管理和开发,房地产开发,房地产,房地产开发Ⅱ,房地产开发Ⅲ,深港通
002508.SZ,老板电器,34.52,0.1172%,0.71,2.10%,866.17,"29,887.78",9.49,4.40,327.60,151.96,中小企业板,21.17,制造业,可选消费,耐用消费品与服装,家庭耐用消费品,家用电器,家用电器,白色家电,小家电,深港通
601838.SH,成都银行,9.05,0.1170%,-0.02,-0.22%,"3,725.29","34,001.55",36.12,18.23,326.91,164.98,主板,6.21,金融业,金融,银行,商业银行,区域性银行,银行,银行Ⅱ,银行Ⅲ,沪港通
000423.SZ,东阿阿胶,35.54,0.1164%,0.17,0.48%,387.71,"13,795.51",6.54,4.45,232.44,158.00,主板,21.75,制造业,医疗保健,制药、生物科技与生命科学,制药,中药,医药生物,中药Ⅱ,中药Ⅲ,深港通
601021.SH,春秋航空,44.27,0.1162%,0.38,0.87%,430.43,"18,973.06",9.17,3.40,405.84,150.53,主板,22.43,交通运输、仓储和邮政业,工业,运输,航空Ⅲ,航空,交通运输,航空运输Ⅱ,航空运输Ⅲ,沪港通
600023.SH,浙能电力,3.98,0.1162%,0.02,0.51%,"2,331.94","9,300.41",136.01,37.88,541.31,150.74,主板,13.85,电力、热力、燃气及水生产和供应业,公用事业,公用事业Ⅱ,电力Ⅲ,电力,公用事业,电力,火电,
600219.SH,南山铝业,2.26,0.1160%,0.02,0.89%,"10,977.54","24,872.25",119.50,63.04,270.08,142.46,主板,20.70,制造业,材料,材料Ⅱ,金属、非金属与采矿,铝,有色金属,工业金属,铝,沪港通
002601.SZ,龙蟒佰利,15.88,0.1155%,0.49,3.18%,"2,629.62","42,002.09",20.32,8.93,322.68,141.74,中小企业板,13.55,制造业,材料,材料Ⅱ,化工,基础化工,化工,化学制品,其他化学制品,深港通
601117.SH,中国化学,6.52,0.1151%,0.08,1.24%,"3,854.88","25,108.56",49.33,27.71,321.63,180.68,主板,11.69,建筑业,材料,材料Ⅱ,化工,多元化工,建筑装饰,专业工程,化学工程,沪港通
601881.SH,中国银河,12.47,0.1150%,0.86,7.41%,"22,765.72","286,676.61",101.37,12.03,"1,264.12",149.96,主板,25.92,金融业,金融,多元金融,资本市场,投资银行业与经纪业,非银金融,证券Ⅱ,证券Ⅲ,沪港通
000703.SZ,恒逸石化,14.13,0.1149%,0.21,1.51%,"1,695.61","23,790.90",28.42,10.87,401.54,153.64,主板,20.37,制造业,材料,材料Ⅱ,化工,化纤,化工,化学纤维,涤纶,深港通
600170.SH,上海建工,3.58,0.1141%,0.04,1.13%,"4,415.86","15,802.46",89.04,49.61,318.78,177.62,主板,8.64,建筑业,工业,资本货物,建筑与工程Ⅲ,建筑与工程,建筑装饰,房屋建设Ⅱ,房屋建设Ⅲ,沪港通
002739.SZ,万达电影,19.00,0.1130%,0.85,4.68%,"3,456.39","65,230.56",20.78,6.89,394.90,130.92,中小企业板,46.13,文化、体育和娱乐业,可选消费,媒体Ⅱ,媒体Ⅲ,电影与娱乐,传媒,文化传媒,影视动漫,深港通
000596.SZ,古井贡酒,137.20,0.1130%,1.28,0.94%,502.14,"69,018.94",5.04,1.12,690.94,153.93,主板,31.68,制造业,日常消费,食品、饮料与烟草,饮料,白酒与葡萄酒,食品饮料,饮料制造,白酒,深港通
300024.SZ,机器人,14.31,0.1118%,0.31,2.21%,"2,481.84","35,375.41",15.60,11.19,223.27,160.18,创业板,54.84,制造业,工业,资本货物,机械,工业机械,机械设备,通用机械,其它通用机械,深港通
600085.SH,同仁堂,28.08,0.1102%,-0.10,-0.35%,867.77,"24,482.36",13.71,6.52,385.11,183.13,主板,33.94,制造业,医疗保健,制药、生物科技与生命科学,制药,中药,医药生物,中药Ⅱ,中药Ⅲ,沪港通
601018.SH,宁波港,3.86,0.1092%,0.06,1.58%,"2,118.70","8,156.54",131.73,31.20,508.47,120.44,主板,14.92,交通运输、仓储和邮政业,工业,运输,交通基础设施,海港与服务,交通运输,港口Ⅱ,港口Ⅲ,沪港通
002916.SZ,深南电路,148.65,0.1083%,6.55,4.61%,560.46,"81,827.05",3.39,0.99,504.46,146.75,中小企业板,46.21,制造业,信息技术,技术硬件与设备,电子设备、仪器和元件,电子元件,电子,元件Ⅱ,印制电路板,深港通
300070.SZ,碧水源,7.90,0.1073%,0.30,3.95%,"6,093.20","47,605.39",31.65,17.48,250.00,138.10,创业板,24.19,水利、环境和公共设施管理业,工业,商业和专业服务,商业服务与用品,环境与设施服务,公用事业,环保工程及服务Ⅱ,环保工程及服务Ⅲ,深港通
002252.SZ,上海莱士,7.52,0.1071%,0.10,1.35%,"5,413.90","40,364.78",49.75,16.44,374.09,123.61,中小企业板,98.35,制造业,医疗保健,制药、生物科技与生命科学,生物科技Ⅲ,生物科技,医药生物,生物制品Ⅱ,生物制品Ⅲ,深港通
000413.SZ,东旭光电,3.39,0.1064%,0.03,0.89%,"17,248.38","58,456.28",57.30,39.69,194.26,134.54,主板,9.79,制造业,信息技术,技术硬件与设备,电子设备、仪器和元件,电子元件,电子,光学光电子,显示器件Ⅲ,深港通
601878.SH,浙商证券,11.15,0.1064%,0.02,0.18%,"11,711.00","134,025.26",33.33,12.09,371.67,134.75,主板,42.05,金融业,金融,多元金融,资本市场,投资银行业与经纪业,非银金融,证券Ⅱ,证券Ⅲ,沪港通
000630.SZ,铜陵有色,2.34,0.1058%,0.01,0.43%,"10,198.77","24,013.47",105.27,57.80,246.32,135.25,主板,33.21,制造业,材料,材料Ⅱ,金属、非金属与采矿,金属非金属,有色金属,工业金属,铜,深港通
002081.SZ,金螳螂,9.18,0.1055%,0.36,4.08%,"3,947.99","36,054.18",26.76,13.08,245.69,120.06,中小企业板,10.73,建筑业,工业,资本货物,建筑与工程Ⅲ,建筑与工程,建筑装饰,装修装饰Ⅱ,装修装饰Ⅲ,深港通
603833.SH,欧派家居,116.68,0.1052%,-0.32,-0.27%,91.60,"10,807.20",4.20,0.95,490.25,110.36,主板,28.02,制造业,可选消费,耐用消费品与服装,家庭耐用消费品,家庭装饰品,轻工制造,家用轻工,家具,沪港通
600489.SH,中金黄金,8.51,0.1051%,0.03,0.35%,"3,720.27","31,563.62",34.51,17.14,293.69,145.86,主板,218.16,采矿业,材料,材料Ⅱ,金属、非金属与采矿,黄金,有色金属,黄金Ⅱ,黄金Ⅲ,沪港通
600369.SH,西南证券,5.17,0.1044%,-0.02,-0.39%,"8,078.41","42,257.93",56.45,26.91,291.85,139.13,主板,48.50,金融业,金融,多元金融,资本市场,投资银行业与经纪业,非银金融,证券Ⅱ,证券Ⅲ,沪港通
600535.SH,天士力,15.55,0.1010%,0.13,0.84%,"2,357.70","36,562.70",15.13,7.88,235.22,122.46,主板,17.98,制造业,医疗保健,制药、生物科技与生命科学,制药,中药,医药生物,中药Ⅱ,中药Ⅲ,沪港通
600038.SH,中直股份,47.81,0.1008%,0.10,0.21%,517.42,"24,852.16",5.89,2.55,281.83,121.74,主板,46.30,制造业,工业,资本货物,航空航天与国防Ⅲ,航天航空与国防,国防军工,航空装备Ⅱ,航空装备Ⅲ,沪港通
601066.SH,中信建投,31.31,0.1001%,0.91,2.99%,"10,064.04","322,243.83",76.46,4.82,"2,394.08",150.77,主板,50.70,金融业,金融,多元金融,资本市场,投资银行业与经纪业,非银金融,证券Ⅱ,证券Ⅲ,沪港通
000627.SZ,天茂集团,7.04,0.0996%,0.00,0.00%,"1,641.45","11,651.63",49.41,16.66,347.82,117.28,主板,26.14,金融业,金融,保险Ⅱ,保险Ⅲ,人寿与健康保险,非银金融,保险Ⅱ,保险Ⅲ,深港通
000671.SZ,阳光城,8.58,0.0995%,0.08,0.94%,"4,571.35","39,433.73",40.82,15.24,347.61,130.75,主板,9.42,房地产业,房地产,房地产Ⅱ,房地产管理和开发,房地产开发,房地产,房地产开发Ⅱ,房地产开发Ⅲ,深港通
600482.SH,中国动力,20.15,0.0978%,0.15,0.75%,419.38,"8,475.54",16.95,6.34,341.54,127.72,主板,32.27,制造业,工业,资本货物,电气设备,电气部件与设备,国防军工,船舶制造Ⅱ,船舶制造Ⅲ,
600760.SH,中航沈飞,31.80,0.0956%,0.20,0.63%,813.88,"25,947.11",14.00,3.74,445.32,118.78,主板,42.38,制造业,工业,资本货物,航空航天与国防Ⅲ,航天航空与国防,国防军工,航空装备Ⅱ,航空装备Ⅲ,沪港通
600153.SH,建发股份,9.06,0.0919%,0.07,0.78%,"1,626.74","14,722.12",28.35,15.34,256.87,138.98,主板,5.37,批发和零售业,工业,资本货物,贸易公司与工业品经销商Ⅲ,贸易公司与工业品经销商,交通运输,物流Ⅱ,物流Ⅲ,沪港通
002032.SZ,苏泊尔,77.89,0.0915%,1.11,1.45%,114.91,"8,925.05",8.21,1.50,639.57,117.17,中小企业板,35.26,制造业,可选消费,耐用消费品与服装,家庭耐用消费品,家用电器,家用电器,白色家电,小家电,深港通
600118.SH,中国卫星,21.56,0.0912%,0.19,0.89%,924.54,"19,918.73",11.82,5.74,254.94,123.74,主板,61.64,制造业,工业,资本货物,航空航天与国防Ⅲ,航天航空与国防,国防军工,航天装备Ⅱ,航天装备Ⅲ,沪港通
002153.SZ,石基信息,39.73,0.0911%,0.73,1.87%,508.55,"20,145.72",10.70,3.02,424.28,120.09,中小企业板,90.42,信息传输、软件和信息技术服务业,信息技术,软件与服务,软件,应用软件,计算机,计算机应用,软件开发,深港通
601992.SH,金隅集团,3.79,0.0905%,0.06,1.61%,"9,082.84","34,621.28",106.78,34.94,404.69,132.41,主板,10.45,制造业,材料,材料Ⅱ,建材Ⅲ,建材,建筑材料,水泥制造Ⅱ,水泥制造Ⅲ,沪港通
000629.SZ,攀钢钒钛,2.94,0.0904%,0.02,0.68%,"2,990.42","8,802.04",85.90,35.48,252.54,104.33,主板,10.30,制造业,材料,材料Ⅱ,金属、非金属与采矿,金属非金属,采掘,其他采掘Ⅱ,其他采掘Ⅲ,深港通
002607.SZ,中公教育,18.27,0.0887%,0.39,2.18%,"1,335.87","24,234.26",61.67,6.68,"1,126.78",121.98,中小企业板,54.40,教育,可选消费,消费者服务Ⅱ,综合消费者服务Ⅲ,教育服务,传媒,文化传媒,其他文化传媒,深港通
600655.SH,豫园股份,7.97,0.0886%,0.13,1.66%,824.28,"6,554.43",38.84,12.16,309.54,96.94,主板,9.92,批发和零售业,可选消费,耐用消费品与服装,纺织品、服装与奢侈品,服装、服饰与奢侈品,商业贸易,专业零售,专业连锁,沪港通
603156.SH,养元饮品,29.36,0.0886%,0.33,1.14%,308.50,"9,048.68",10.55,4.29,309.62,126.03,主板,10.95,制造业,日常消费,食品、饮料与烟草,饮料,软饮料,食品饮料,饮料制造,软饮料,
600027.SH,华电国际,3.70,0.0863%,0.03,0.82%,"3,608.93","13,343.85",98.63,27.25,364.93,100.82,主板,13.61,电力、热力、燃气及水生产和供应业,公用事业,公用事业Ⅱ,电力Ⅲ,电力,公用事业,电力,火电,沪港通
600663.SH,陆家嘴,13.62,0.0858%,0.11,0.81%,473.84,"6,482.13",40.34,6.57,549.46,89.55,主板,14.87,房地产业,工业,资本货物,综合类Ⅲ,综合类行业,房地产,园区开发Ⅱ,园区开发Ⅲ,沪港通
600977.SH,中国电影,16.03,0.0857%,0.81,5.32%,"3,141.26","49,858.17",18.67,6.09,299.28,97.67,主板,27.95,文化、体育和娱乐业,可选消费,媒体Ⅱ,媒体Ⅲ,电影与娱乐,传媒,文化传媒,影视动漫,沪港通
002938.SZ,鹏鼎控股,45.92,0.0836%,1.02,2.27%,852.72,"39,124.65",23.11,2.31,"1,061.41",106.14,中小企业板,36.46,制造业,信息技术,技术硬件与设备,电子设备、仪器和元件,电子元件,电子,元件Ⅱ,印制电路板,深港通
300433.SZ,蓝思科技,14.82,0.0833%,1.00,7.24%,"8,700.09","127,202.03",42.51,11.97,615.73,177.46,创业板,90.45,制造业,信息技术,技术硬件与设备,电子设备、仪器和元件,电子元件,电子,电子制造Ⅱ,电子零部件制造,深港通
000723.SZ,美锦能源,9.27,0.0816%,-0.16,-1.70%,"10,874.34","100,493.42",40.99,10.99,380.00,101.90,主板,26.36,制造业,能源,能源Ⅱ,石油、天然气与供消费用燃料,煤炭与消费用燃料,采掘,煤炭开采Ⅱ,焦炭加工,深港通
002558.SZ,巨人网络,18.67,0.0811%,0.61,3.38%,"1,344.77","24,989.70",20.24,4.57,377.95,85.37,中小企业板,47.08,信息传输、软件和信息技术服务业,信息技术,软件与服务,软件,家庭娱乐软件,传媒,互联网传媒,移动互联网服务,深港通
601808.SH,中海油服,19.09,0.0809%,-0.11,-0.57%,"1,086.64","20,927.72",47.72,5.50,910.90,104.92,主板,36.93,采矿业,能源,能源Ⅱ,能源设备与服务,石油天然气钻井,采掘,采掘服务Ⅱ,油气钻采服务,沪港通
601238.SH,广汽集团,11.95,0.0794%,0.26,2.22%,"3,838.22","45,785.95",102.38,5.85,"1,223.41",69.93,主板,16.58,制造业,可选消费,汽车与汽车零部件,汽车,汽车制造,汽车,汽车整车,乘用车,沪港通
601633.SH,长城汽车,9.20,0.0794%,0.35,3.95%,"2,667.26","24,383.79",91.27,9.13,839.71,83.97,主板,20.00,制造业,可选消费,汽车与汽车零部件,汽车,汽车制造,汽车,汽车整车,乘用车,沪港通
000709.SZ,河钢股份,2.61,0.0793%,0.03,1.16%,"3,961.89","10,345.75",106.19,40.21,277.15,104.94,主板,13.59,制造业,材料,材料Ⅱ,金属、非金属与采矿,钢铁,钢铁,钢铁Ⅱ,普钢,深港通
600297.SH,广汇汽车,3.37,0.0787%,0.11,3.37%,"4,866.39","16,253.88",81.60,31.60,274.99,106.48,主板,11.70,批发和零售业,可选消费,零售业,专营零售,汽车零售,汽车,汽车服务Ⅱ,汽车服务Ⅲ,沪港通
601216.SH,君正集团,3.18,0.0768%,0.05,1.60%,"6,250.54","19,822.19",84.38,30.37,268.33,96.58,主板,11.39,制造业,材料,材料Ⅱ,化工,基础化工,化工,化学原料,氯碱,沪港通
600398.SH,海澜之家,7.97,0.0756%,0.29,3.78%,"3,118.14","24,608.88",44.20,13.08,352.27,104.24,主板,10.23,制造业,可选消费,耐用消费品与服装,纺织品、服装与奢侈品,服装、服饰与奢侈品,纺织服装,服装家纺,男装,沪港通
002773.SZ,康弘药业,37.80,0.0711%,0.83,2.25%,732.79,"27,067.16",8.76,2.49,330.98,94.23,中小企业板,44.68,制造业,医疗保健,制药、生物科技与生命科学,制药,中药,医药生物,化学制药,化学制剂,深港通
600848.SH,上海临港,24.61,0.0703%,0.06,0.24%,717.84,"17,651.06",21.02,3.85,517.32,94.64,主板,39.79,房地产业,房地产,房地产Ⅱ,房地产管理和开发,房地产开发,房地产,园区开发Ⅱ,园区开发Ⅲ,沪港通
600816.SH,*ST安信,4.46,0.0698%,0.02,0.45%,"10,266.48","46,048.48",54.69,26.01,243.92,116.01,主板,-11.08,金融业,金融,多元金融,资本市场,资产管理与托管银行,非银金融,多元金融Ⅱ,多元金融Ⅲ,沪港通
601360.SH,三六零,24.00,0.0697%,0.49,2.08%,"1,889.26","45,434.52",67.64,2.29,"1,623.37",54.99,主板,26.20,信息传输、软件和信息技术服务业,信息技术,软件与服务,互联网软件与服务Ⅲ,互联网软件与服务,计算机,计算机应用,软件开发,沪港通
002411.SZ,延安必康,15.87,0.0696%,0.24,1.54%,"2,247.54","35,407.06",15.32,6.38,243.17,101.24,中小企业板,84.45,制造业,医疗保健,制药、生物科技与生命科学,制药,西药,医药生物,化学制药,化学制剂,
600188.SH,兖州煤业,10.60,0.0674%,0.04,0.38%,"4,200.19","44,780.41",49.12,6.93,520.67,73.43,主板,5.55,采矿业,能源,能源Ⅱ,石油、天然气与供消费用燃料,煤炭与消费用燃料,采掘,煤炭开采Ⅱ,煤炭开采Ⅲ,沪港通
601577.SH,长沙银行,9.10,0.0668%,0.03,0.33%,"2,401.14","22,000.74",34.22,9.88,311.36,89.90,主板,6.36,金融业,金融,银行,商业银行,区域性银行,银行,银行Ⅱ,银行Ⅲ,沪港通
002010.SZ,传化智联,7.09,0.0661%,0.11,1.58%,"3,328.90","23,434.15",32.58,11.43,230.98,81.04,中小企业板,18.60,租赁和商务服务业,工业,运输,航空货运与物流Ⅲ,航空货运与物流,交通运输,物流Ⅱ,物流Ⅲ,深港通
601898.SH,中煤能源,5.05,0.0661%,0.03,0.60%,"2,303.59","11,681.01",132.59,15.47,669.56,78.11,主板,13.20,采矿业,能源,能源Ⅱ,石油、天然气与供消费用燃料,煤炭与消费用燃料,采掘,煤炭开采Ⅱ,煤炭开采Ⅲ,沪港通
002294.SZ,信立泰,20.19,0.0605%,0.25,1.25%,928.04,"18,644.82",10.46,3.36,211.19,67.80,中小企业板,20.60,制造业,医疗保健,制药、生物科技与生命科学,制药,西药,医药生物,化学制药,化学制剂,深港通
600733.SH,北汽蓝谷,5.98,0.0598%,0.14,2.40%,"1,733.48","10,344.31",34.94,13.09,208.92,78.29,主板,-84.56,制造业,可选消费,汽车与汽车零部件,汽车,汽车制造,汽车,汽车整车,乘用车,沪港通
601319.SH,中国人保,7.74,0.0590%,0.15,1.98%,"11,212.03","87,276.78",442.24,18.00,"3,422.94",139.32,主板,15.08,金融业,金融,保险Ⅱ,保险Ⅲ,多元化保险,非银金融,保险Ⅱ,保险Ⅲ,沪港通
000898.SZ,鞍钢股份,3.36,0.0577%,0.01,0.30%,"2,849.94","9,547.76",94.05,21.33,316.02,71.66,主板,11.21,制造业,材料,材料Ⅱ,金属、非金属与采矿,钢铁,钢铁,钢铁Ⅱ,普钢,深港通
600566.SH,济川药业,24.36,0.0568%,0.18,0.74%,891.07,"21,648.87",8.15,2.51,198.52,61.22,主板,11.78,制造业,医疗保健,制药、生物科技与生命科学,制药,中药,医药生物,中药Ⅱ,中药Ⅲ,沪港通
600998.SH,九州通,13.98,0.0564%,-0.17,-1.20%,"1,582.81","22,028.15",18.78,7.27,262.50,101.69,主板,16.53,批发和零售业,日常消费,食品与主要用品零售Ⅱ,食品与主要用品零售Ⅲ,药品零售,医药生物,医药商业Ⅱ,医药商业Ⅲ,沪港通
600989.SH,宝丰能源,9.58,0.0553%,0.07,0.74%,"1,377.80","13,206.03",73.33,7.33,702.54,70.26,主板,16.97,制造业,材料,材料Ⅱ,化工,基础化工,采掘,煤炭开采Ⅱ,焦炭加工,沪港通
600025.SH,华能水电,4.26,0.0549%,0.04,0.95%,"5,157.40","21,889.24",180.00,18.00,766.80,76.68,主板,9.10,电力、热力、燃气及水生产和供应业,公用事业,公用事业Ⅱ,独立电力生产商与能源贸易商Ⅲ,新能源发电业者,公用事业,电力,水电,沪港通
600372.SH,中航电子,14.51,0.0548%,0.27,1.90%,713.47,"10,327.30",17.60,4.81,255.31,69.76,主板,51.25,制造业,工业,资本货物,航空航天与国防Ⅲ,航天航空与国防,国防军工,航空装备Ⅱ,航空装备Ⅲ,沪港通
600233.SH,圆通速递,12.78,0.0520%,0.13,1.03%,671.34,"8,538.32",28.43,5.15,363.29,65.78,主板,17.93,交通运输、仓储和邮政业,工业,运输,航空货运与物流Ⅲ,航空货运与物流,交通运输,物流Ⅱ,物流Ⅲ,沪港通
000415.SZ,渤海租赁,3.82,0.0507%,0.02,0.53%,"2,369.01","9,111.03",61.85,18.90,236.25,72.20,主板,12.27,租赁和商务服务业,金融,多元金融,多元金融服务,其他多元金融服务,非银金融,多元金融Ⅱ,多元金融Ⅲ,深港通
601236.SH,红塔证券,16.79,0.0480%,0.02,0.12%,"4,967.60","84,512.27",36.33,3.64,610.05,61.12,主板,89.78,金融业,金融,多元金融,资本市场,投资银行业与经纪业,非银金融,证券Ⅱ,证券Ⅲ,沪港通
002841.SZ,视源股份,85.82,0.0443%,0.12,0.14%,154.46,"13,269.98",6.56,0.70,562.69,60.06,中小企业板,35.89,制造业,信息技术,技术硬件与设备,电子设备、仪器和元件,电子元件,电子,光学光电子,显示器件Ⅲ,深港通
600968.SH,海油发展,2.97,0.0432%,0.04,1.37%,"5,809.13","17,222.87",101.65,18.65,301.90,55.39,主板,23.07,采矿业,能源,能源Ⅱ,能源设备与服务,石油天然气设备与服务,采掘,采掘服务Ⅱ,油气钻采服务,沪港通
002468.SZ,申通快递,19.65,0.0431%,0.15,0.77%,670.94,"13,131.29",15.31,4.20,300.80,82.47,中小企业板,19.48,交通运输、仓储和邮政业,工业,运输,航空货运与物流Ⅲ,航空货运与物流,交通运输,物流Ⅱ,物流Ⅲ,深港通
601212.SH,白银有色,3.69,0.0391%,0.01,0.27%,"3,221.16","11,892.73",74.05,11.52,273.24,42.50,主板,97.68,制造业,材料,材料Ⅱ,金属、非金属与采矿,金属非金属,有色金属,工业金属,铜,
002939.SZ,长城证券,13.85,0.0338%,-0.01,-0.07%,"8,111.79","113,624.45",31.03,8.87,429.82,122.82,中小企业板,50.54,金融业,金融,多元金融,资本市场,投资银行业与经纪业,非银金融,证券Ⅱ,证券Ⅲ,深港通
601698.SH,中国卫通,11.55,0.0331%,0.23,2.03%,"2,484.13","28,581.04",40.00,4.00,462.00,46.20,主板,97.41,信息传输、软件和信息技术服务业,电信服务,电信服务Ⅱ,多元电信服务,非传统电信运营商,国防军工,航天装备Ⅱ,航天装备Ⅲ,沪港通
601828.SH,美凯龙,11.33,0.0326%,0.00,0.00%,792.69,"9,024.96",35.50,3.78,402.22,42.80,主板,9.81,租赁和商务服务业,房地产,房地产Ⅱ,房地产管理和开发,房地产经营公司,商业贸易,商业物业经营,专业市场,沪港通
603260.SH,合盛硅业,30.28,0.0305%,0.81,2.75%,466.34,"14,064.48",9.38,1.37,284.03,41.53,主板,20.00,制造业,材料,材料Ⅱ,化工,基础化工,有色金属,金属非金属新材料,非金属新材料,沪港通
600390.SH,五矿资本,8.22,0.0291%,-0.04,-0.48%,"3,033.78","25,205.55",44.98,4.57,369.74,37.55,主板,11.52,金融业,金融,多元金融,资本市场,多元资本市场,非银金融,多元金融Ⅱ,多元金融Ⅲ,
002945.SZ,华林证券,15.03,0.0290%,0.09,0.60%,"3,734.01","56,698.44",27.00,2.70,405.81,40.58,中小企业板,103.19,金融业,金融,多元金融,资本市场,投资银行业与经纪业,非银金融,证券Ⅱ,证券Ⅲ,
002958.SZ,青农商行,6.47,0.0283%,0.00,0.00%,"7,708.89","50,795.45",55.56,5.56,359.44,35.94,中小企业板,13.11,金融业,金融,银行,商业银行,区域性银行,银行,银行Ⅱ,银行Ⅲ,深港通
600928.SH,西安银行,7.71,0.0270%,-0.06,-0.77%,"5,487.93","43,312.99",44.44,4.44,342.67,34.27,主板,13.34,金融业,金融,银行,商业银行,区域性银行,银行,银行Ⅱ,银行Ⅲ,沪港通
601162.SH,天风证券,7.28,0.0270%,-0.08,-1.09%,"23,601.54","174,390.15",51.80,23.53,377.10,171.26,主板,162.11,金融业,金融,多元金融,资本市场,投资银行业与经纪业,非银金融,证券Ⅱ,证券Ⅲ,沪港通
601298.SH,青岛港,6.95,0.0241%,0.08,1.16%,"1,312.15","9,100.76",64.91,4.54,451.13,31.58,主板,12.21,交通运输、仓储和邮政业,工业,运输,交通基础设施,海港与服务,交通运输,港口Ⅱ,港口Ⅲ,沪港通
600299.SH,安迪苏,11.19,0.0236%,0.13,1.18%,917.61,"10,202.54",26.82,9.69,300.10,108.41,主板,29.18,制造业,医疗保健,制药、生物科技与生命科学,制药,西药,化工,化学制品,其他化学制品,沪港通
